[
  {
    "id": 1,
    "name": "Marlene",
    "department_id": null,
    "telephone": null,
    "information": "Migrated from constants on 2025-07-08",
    "created_date": "2025-07-08T21:32:56.319329",
    "updated_date": "2025-07-08T21:32:56.319329"
  },
  {
    "id": 2,
    "name": "Aundre",
    "department_id": null,
    "telephone": null,
    "information": "Migrated from constants on 2025-07-08",
    "created_date": "2025-07-08T21:32:56.335921",
    "updated_date": "2025-07-08T21:32:56.335921"
  },
  {
    "id": 3,
    "name": "Marivic",
    "department_id": null,
    "telephone": null,
    "information": "Migrated from constants on 2025-07-08",
    "created_date": "2025-07-08T21:32:56.354465",
    "updated_date": "2025-07-08T21:32:56.354465"
  },
  {
    "id": 4,
    "name": "Fevie",
    "department_id": null,
    "telephone": null,
    "information": "Migrated from constants on 2025-07-08",
    "created_date": "2025-07-08T21:32:56.373039",
    "updated_date": "2025-07-08T21:32:56.373039"
  },
  {
    "id": 5,
    "name": "Marily",
    "department_id": null,
    "telephone": null,
    "information": "Migrated from constants on 2025-07-08",
    "created_date": "2025-07-08T21:32:56.391589",
    "updated_date": "2025-07-08T21:32:56.391589"
  },
  {
    "id": 6,
    "name": "Ailene",
    "department_id": 19,
    "telephone": null,
    "information": "Migrated from constants on 2025-07-08",
    "created_date": "2025-07-08T21:32:56.408753",
    "updated_date": "2025-07-10T03:54:06.339955"
  },
  {
    "id": 7,
    "name": "Mary joy",
    "department_id": null,
    "telephone": null,
    "information": "Migrated from constants on 2025-07-08",
    "created_date": "2025-07-08T21:32:56.429249",
    "updated_date": "2025-07-08T21:32:56.429249"
  },
  {
    "id": 8,
    "name": "Celina",
    "department_id": null,
    "telephone": null,
    "information": "Migrated from constants on 2025-07-08",
    "created_date": "2025-07-08T21:32:56.450699",
    "updated_date": "2025-07-08T21:32:56.450699"
  },
  {
    "id": 9,
    "name": "Jijimol",
    "department_id": null,
    "telephone": null,
    "information": "Migrated from constants on 2025-07-08",
    "created_date": "2025-07-08T21:32:56.471222",
    "updated_date": "2025-07-08T21:32:56.471222"
  },
  {
    "id": 10,
    "name": "Atma",
    "department_id": null,
    "telephone": null,
    "information": "Migrated from constants on 2025-07-08",
    "created_date": "2025-07-08T21:32:56.488785",
    "updated_date": "2025-07-08T21:32:56.488785"
  }
]