{
  "backup_timestamp": "2025-07-02T23:36:08.492103",
  "data_type": "training",
  "total_records": 239,
  "description": "Full backup of TRAINING data before clearing database",
  "records": [
    {
      "id": "1",
      "employee_id": "3915",
      "name": "MS. UMI HIDAYAH ",
      "department": "OB1",
      "machine_trainer_assignments": [],
      "last_trained_date": "N/A",
      "next_due_date": "N/A"
    },
    {
      "id": "2",
      "employee_id": "3549",
      "name": "MS. SUNU MARIAMMA ",
      "department": "OB1",
      "machine_trainer_assignments": [],
      "last_trained_date": "N/A",
      "next_due_date": "N/A"
    },
    {
      "id": "3",
      "employee_id": "4106",
      "name": "MS. SHERLIN VJ",
      "department": "OB1",
      "machine_trainer_assignments": [],
      "last_trained_date": "N/A",
      "next_due_date": "N/A"
    },
    {
      "id": "4",
      "employee_id": "2953",
      "name": "MS. ANU KC CHACKO",
      "department": "OB2",
      "machine_trainer_assignments": [],
      "last_trained_date": "N/A",
      "next_due_date": "N/A"
    },
    {
      "id": "5",
      "employee_id": "4034",
      "name": "MS. SUJAYA SUNDARA",
      "department": "OB2",
      "machine_trainer_assignments": [],
      "last_trained_date": "N/A",
      "next_due_date": "N/A"
    },
    {
      "id": "6",
      "employee_id": "3881",
      "name": "MS. SHANTY SHIBU",
      "department": "OB2",
      "machine_trainer_assignments": [],
      "last_trained_date": "N/A",
      "next_due_date": "N/A"
    },
    {
      "id": "7",
      "employee_id": "4045",
      "name": "MS. JUDY ABRAHAM",
      "department": "OB2",
      "machine_trainer_assignments": [],
      "last_trained_date": "N/A",
      "next_due_date": "N/A"
    },
    {
      "id": "8",
      "employee_id": "4057",
      "name": "MS. RABISHA ROBINSON",
      "department": "OB3",
      "machine_trainer_assignments": [],
      "last_trained_date": "N/A",
      "next_due_date": "N/A"
    },
    {
      "id": "9",
      "employee_id": "4109",
      "name": "MS. ANJU SOMAN",
      "department": "OB3",
      "machine_trainer_assignments": [],
      "last_trained_date": "N/A",
      "next_due_date": "N/A"
    },
    {
      "id": "10",
      "employee_id": "3923",
      "name": "MS. NILAM",
      "department": "OB3",
      "machine_trainer_assignments": [],
      "last_trained_date": "N/A",
      "next_due_date": "N/A"
    },
    {
      "id": "11",
      "employee_id": "4179",
      "name": "MS. ASWATHI V CHANDRAN",
      "department": "OB3",
      "machine_trainer_assignments": [],
      "last_trained_date": "N/A",
      "next_due_date": "N/A"
    },
    {
      "id": "12",
      "employee_id": "3824",
      "name": "MS. AJITHA VARGHESE",
      "department": "ORTHOPEDIC",
      "machine_trainer_assignments": [],
      "last_trained_date": "N/A",
      "next_due_date": "N/A"
    },
    {
      "id": "13",
      "employee_id": "3926",
      "name": "MS. MARA - RELIEVER",
      "department": "ORTHOPEDIC",
      "machine_trainer_assignments": [],
      "last_trained_date": "N/A",
      "next_due_date": "N/A"
    },
    {
      "id": "14",
      "employee_id": "3476",
      "name": "MS. SIMI JACOB",
      "department": "ENDOSCOPY",
      "machine_trainer_assignments": [],
      "last_trained_date": "N/A",
      "next_due_date": "N/A"
    },
    {
      "id": "15",
      "employee_id": "4023",
      "name": "MS. BINCY SUNNY ",
      "department": "ENDOSCOPY",
      "machine_trainer_assignments": [],
      "last_trained_date": "N/A",
      "next_due_date": "N/A"
    },
    {
      "id": "16",
      "employee_id": "3963",
      "name": "MS. CHINNU MANI",
      "department": "ENDOSCOPY",
      "machine_trainer_assignments": [],
      "last_trained_date": "N/A",
      "next_due_date": "N/A"
    },
    {
      "id": "17",
      "employee_id": "3920",
      "name": "MS. RISMAYANI UMAR",
      "department": "SURGERY",
      "machine_trainer_assignments": [],
      "last_trained_date": "N/A",
      "next_due_date": "N/A"
    },
    {
      "id": "18",
      "employee_id": "3991",
      "name": "MS. DRISYA DIVAKARAN",
      "department": "SURGERY",
      "machine_trainer_assignments": [],
      "last_trained_date": "N/A",
      "next_due_date": "N/A"
    },
    {
      "id": "19",
      "employee_id": "3975",
      "name": "MS. REXSALIN- RELIEVER",
      "department": "SURGERY",
      "machine_trainer_assignments": [],
      "last_trained_date": "N/A",
      "next_due_date": "N/A"
    },
    {
      "id": "20",
      "employee_id": "4245",
      "name": "MS. DEVIKA",
      "department": "SURGERY",
      "machine_trainer_assignments": [],
      "last_trained_date": "N/A",
      "next_due_date": "N/A"
    },
    {
      "id": "21",
      "employee_id": "4294",
      "name": "MS. ARCHANA VM",
      "department": "SURGERY",
      "machine_trainer_assignments": [],
      "last_trained_date": "N/A",
      "next_due_date": "N/A"
    },
    {
      "id": "22",
      "employee_id": "4085",
      "name": "MS. PRAMILA SALIAN",
      "department": "SURGERY",
      "machine_trainer_assignments": [],
      "last_trained_date": "N/A",
      "next_due_date": "N/A"
    },
    {
      "id": "23",
      "employee_id": "4190",
      "name": "MS. NINU",
      "department": "SURGERY",
      "machine_trainer_assignments": [],
      "last_trained_date": "N/A",
      "next_due_date": "N/A"
    },
    {
      "id": "24",
      "employee_id": "3976",
      "name": "MS. HIJAB ZAHRA",
      "department": "UROLOGY",
      "machine_trainer_assignments": [],
      "last_trained_date": "N/A",
      "next_due_date": "N/A"
    },
    {
      "id": "25",
      "employee_id": "3553",
      "name": "MS. ADAW ALTOM",
      "department": "UROLOGY",
      "machine_trainer_assignments": [],
      "last_trained_date": "N/A",
      "next_due_date": "N/A"
    },
    {
      "id": "26",
      "employee_id": "3259",
      "name": "MS. HARINI B.V",
      "department": "IM",
      "machine_trainer_assignments": [],
      "last_trained_date": "N/A",
      "next_due_date": "N/A"
    },
    {
      "id": "27",
      "employee_id": "3519",
      "name": "MS. BLESSY PHILIP",
      "department": "IM",
      "machine_trainer_assignments": [],
      "last_trained_date": "N/A",
      "next_due_date": "N/A"
    },
    {
      "id": "28",
      "employee_id": "3928",
      "name": "MS. LHAMU SHERPA",
      "department": "IM",
      "machine_trainer_assignments": [],
      "last_trained_date": "N/A",
      "next_due_date": "N/A"
    },
    {
      "id": "29",
      "employee_id": "3715",
      "name": "MS. ASWATHY HARIDAS",
      "department": "IM",
      "machine_trainer_assignments": [],
      "last_trained_date": "N/A",
      "next_due_date": "N/A"
    },
    {
      "id": "30",
      "employee_id": "3236",
      "name": "MS. GEETHUMOL",
      "department": "IM",
      "machine_trainer_assignments": [],
      "last_trained_date": "N/A",
      "next_due_date": "N/A"
    },
    {
      "id": "31",
      "employee_id": "3691",
      "name": "MS. DHANYA PILLAI ",
      "department": "DERMA",
      "machine_trainer_assignments": [],
      "last_trained_date": "N/A",
      "next_due_date": "N/A"
    },
    {
      "id": "32",
      "employee_id": "3688",
      "name": "MS. TEENAMOL GABRIEL",
      "department": "DERMA",
      "machine_trainer_assignments": [],
      "last_trained_date": "N/A",
      "next_due_date": "N/A"
    },
    {
      "id": "33",
      "employee_id": "3746",
      "name": "MS. BANU PRIYA",
      "department": "DERMA",
      "machine_trainer_assignments": [],
      "last_trained_date": "N/A",
      "next_due_date": "N/A"
    },
    {
      "id": "34",
      "employee_id": "4022",
      "name": "MS. JAIBY MATHEW",
      "department": "DERMA",
      "machine_trainer_assignments": [],
      "last_trained_date": "N/A",
      "next_due_date": "N/A"
    },
    {
      "id": "35",
      "employee_id": "3632",
      "name": "MS. AREEJ ELTAYEN - LAST DUTY 10/05",
      "department": "DERMA",
      "machine_trainer_assignments": [],
      "last_trained_date": "N/A",
      "next_due_date": "N/A"
    },
    {
      "id": "36",
      "employee_id": "3877",
      "name": "MS. INBA RAJA",
      "department": "DERMA",
      "machine_trainer_assignments": [],
      "last_trained_date": "N/A",
      "next_due_date": "N/A"
    },
    {
      "id": "37",
      "employee_id": "4076",
      "name": "MS. NEETHU M CHANDRAN",
      "department": "DERMA",
      "machine_trainer_assignments": [],
      "last_trained_date": "N/A",
      "next_due_date": "N/A"
    },
    {
      "id": "38",
      "employee_id": "4146",
      "name": "MS. ANJU JOHN",
      "department": "DERMA",
      "machine_trainer_assignments": [],
      "last_trained_date": "N/A",
      "next_due_date": "N/A"
    },
    {
      "id": "39",
      "employee_id": "3417",
      "name": "MS. TOLLY THOMAS",
      "department": "DERMA",
      "machine_trainer_assignments": [],
      "last_trained_date": "N/A",
      "next_due_date": "N/A"
    },
    {
      "id": "40",
      "employee_id": "3635",
      "name": "MS. MOAWADA AJBNA",
      "department": "DERMA",
      "machine_trainer_assignments": [],
      "last_trained_date": "N/A",
      "next_due_date": "N/A"
    },
    {
      "id": "41",
      "employee_id": "3759",
      "name": "MS. SHALU MJ",
      "department": "DERMA",
      "machine_trainer_assignments": [],
      "last_trained_date": "N/A",
      "next_due_date": "N/A"
    },
    {
      "id": "42",
      "employee_id": "3929",
      "name": "MS. JHARNA RAI",
      "department": "PEDIA",
      "machine_trainer_assignments": [],
      "last_trained_date": "N/A",
      "next_due_date": "N/A"
    },
    {
      "id": "43",
      "employee_id": "3979",
      "name": "MS. HELEN JUDITHA",
      "department": "PEDIA",
      "machine_trainer_assignments": [],
      "last_trained_date": "N/A",
      "next_due_date": "N/A"
    },
    {
      "id": "44",
      "employee_id": "4158",
      "name": "MS. CHIPPY",
      "department": "PEDIA",
      "machine_trainer_assignments": [],
      "last_trained_date": "N/A",
      "next_due_date": "N/A"
    },
    {
      "id": "45",
      "employee_id": "4159",
      "name": "MS. BINILA - RELIEVER",
      "department": "PEDIA",
      "machine_trainer_assignments": [],
      "last_trained_date": "N/A",
      "next_due_date": "N/A"
    },
    {
      "id": "46",
      "employee_id": "3929",
      "name": "MS. PRIJI PRASANNAN ",
      "department": "ENT",
      "machine_trainer_assignments": [],
      "last_trained_date": "N/A",
      "next_due_date": "N/A"
    },
    {
      "id": "47",
      "employee_id": "4024",
      "name": "MS. MISHNA VALSAMMA",
      "department": "ENT",
      "machine_trainer_assignments": [],
      "last_trained_date": "N/A",
      "next_due_date": "N/A"
    },
    {
      "id": "48",
      "employee_id": "4136",
      "name": "MS. VINITHAMOL",
      "department": "ENT",
      "machine_trainer_assignments": [],
      "last_trained_date": "N/A",
      "next_due_date": "N/A"
    },
    {
      "id": "49",
      "employee_id": "4041",
      "name": "MS. KRUPAVATHI  ARROLA",
      "department": "CARDIOLOGY",
      "machine_trainer_assignments": [],
      "last_trained_date": "N/A",
      "next_due_date": "N/A"
    },
    {
      "id": "50",
      "employee_id": "3939",
      "name": "MS. SREEJA M.",
      "department": "CARDIOLOGY",
      "machine_trainer_assignments": [],
      "last_trained_date": "N/A",
      "next_due_date": "N/A"
    },
    {
      "id": "51",
      "employee_id": "4288",
      "name": "MS. SHANTI THOMAS",
      "department": "CARDIOLOGY",
      "machine_trainer_assignments": [],
      "last_trained_date": "N/A",
      "next_due_date": "N/A"
    },
    {
      "id": "52",
      "employee_id": "4120",
      "name": "MS. ALPHY PIUS",
      "department": "PLASTIC",
      "machine_trainer_assignments": [],
      "last_trained_date": "N/A",
      "next_due_date": "N/A"
    },
    {
      "id": "53",
      "employee_id": "3958",
      "name": "MS. AMALA BENNY",
      "department": "PLASTIC",
      "machine_trainer_assignments": [],
      "last_trained_date": "N/A",
      "next_due_date": "N/A"
    },
    {
      "id": "54",
      "employee_id": "3921",
      "name": "MS. SUY GRACE NAINGGOLAN",
      "department": "PLASTIC",
      "machine_trainer_assignments": [],
      "last_trained_date": "N/A",
      "next_due_date": "N/A"
    },
    {
      "id": "55",
      "employee_id": "3805",
      "name": "MS. AMEENA S. SHAJAHAN",
      "department": "PLASTIC",
      "machine_trainer_assignments": [],
      "last_trained_date": "N/A",
      "next_due_date": "N/A"
    },
    {
      "id": "56",
      "employee_id": "2844",
      "name": "MS. ROWENA ERIKA CABILES",
      "department": "ENT",
      "machine_trainer_assignments": [],
      "last_trained_date": "N/A",
      "next_due_date": "N/A"
    },
    {
      "id": "57",
      "employee_id": "3489",
      "name": "MS. LITTY ANNA VARUGHESE",
      "department": "ENT",
      "machine_trainer_assignments": [],
      "last_trained_date": "N/A",
      "next_due_date": "N/A"
    },
    {
      "id": "58",
      "employee_id": "4184",
      "name": "MS. SHANI ANN",
      "department": "ENT",
      "machine_trainer_assignments": [],
      "last_trained_date": "N/A",
      "next_due_date": "N/A"
    },
    {
      "id": "59",
      "employee_id": "3518",
      "name": "MS. HONEY JOSEPH",
      "department": "OPHTHA",
      "machine_trainer_assignments": [],
      "last_trained_date": "N/A",
      "next_due_date": "N/A"
    },
    {
      "id": "60",
      "employee_id": "3802",
      "name": "MS. RAJINA BABY",
      "department": "DENTAL",
      "machine_trainer_assignments": [],
      "last_trained_date": "N/A",
      "next_due_date": "N/A"
    },
    {
      "id": "61",
      "employee_id": "3727",
      "name": "MS. BINDHU REJI- RELIEVER",
      "department": "DENTAL",
      "machine_trainer_assignments": [],
      "last_trained_date": "N/A",
      "next_due_date": "N/A"
    },
    {
      "id": "62",
      "employee_id": "3911",
      "name": "MS. ANCY SUSAN",
      "department": "DENTAL",
      "machine_trainer_assignments": [],
      "last_trained_date": "N/A",
      "next_due_date": "N/A"
    },
    {
      "id": "63",
      "employee_id": "N/A",
      "name": "MR. IBRAHIM -DENTAL TECHNICIAN",
      "department": "DENTAL",
      "machine_trainer_assignments": [],
      "last_trained_date": "N/A",
      "next_due_date": "N/A"
    },
    {
      "id": "64",
      "employee_id": "3027",
      "name": "MS. PRAMILA SALIAN",
      "department": "OPD",
      "machine_trainer_assignments": [],
      "last_trained_date": "N/A",
      "next_due_date": "N/A"
    },
    {
      "id": "65",
      "employee_id": "4160",
      "name": "MS. CHAITHANYA ",
      "department": "OPD",
      "machine_trainer_assignments": [],
      "last_trained_date": "N/A",
      "next_due_date": "N/A"
    },
    {
      "id": "66",
      "employee_id": "3991",
      "name": "MS. DRESYA",
      "department": "OPD",
      "machine_trainer_assignments": [],
      "last_trained_date": "N/A",
      "next_due_date": "N/A"
    },
    {
      "id": "67",
      "employee_id": "3975",
      "name": "MS. REXALIN",
      "department": "OPD",
      "machine_trainer_assignments": [],
      "last_trained_date": "N/A",
      "next_due_date": "N/A"
    },
    {
      "id": "68",
      "employee_id": "3659",
      "name": "MS. PRIGI",
      "department": "OPD",
      "machine_trainer_assignments": [],
      "last_trained_date": "N/A",
      "next_due_date": "N/A"
    },
    {
      "id": "69",
      "employee_id": "N/A",
      "name": "MS. JEFFY",
      "department": "OPD",
      "machine_trainer_assignments": [],
      "last_trained_date": "N/A",
      "next_due_date": "N/A"
    },
    {
      "id": "70",
      "employee_id": "4149",
      "name": "MS. JAIMY JOSE",
      "department": "OPD",
      "machine_trainer_assignments": [],
      "last_trained_date": "N/A",
      "next_due_date": "N/A"
    },
    {
      "id": "71",
      "employee_id": "1291",
      "name": "MS. MARY JOY HEPHZIEBA ",
      "department": "5A",
      "machine_trainer_assignments": [],
      "last_trained_date": "N/A",
      "next_due_date": "N/A"
    },
    {
      "id": "72",
      "employee_id": "3554",
      "name": "MS. SWATHY PRASAD",
      "department": "5A",
      "machine_trainer_assignments": [],
      "last_trained_date": "N/A",
      "next_due_date": "N/A"
    },
    {
      "id": "73",
      "employee_id": "4021",
      "name": "MS. SHEENA DEVASSIA ",
      "department": "5A",
      "machine_trainer_assignments": [],
      "last_trained_date": "N/A",
      "next_due_date": "N/A"
    },
    {
      "id": "74",
      "employee_id": "4081",
      "name": "MS. RASHMA P.R.",
      "department": "5A",
      "machine_trainer_assignments": [],
      "last_trained_date": "N/A",
      "next_due_date": "N/A"
    },
    {
      "id": "75",
      "employee_id": "4124",
      "name": "MS. JOSNA SUSAN JOHN",
      "department": "5A",
      "machine_trainer_assignments": [],
      "last_trained_date": "N/A",
      "next_due_date": "N/A"
    },
    {
      "id": "76",
      "employee_id": "4138",
      "name": "MS. REKHA M.",
      "department": "5A",
      "machine_trainer_assignments": [],
      "last_trained_date": "N/A",
      "next_due_date": "N/A"
    },
    {
      "id": "77",
      "employee_id": "4188",
      "name": "MS. DEEPTHI RADHAMANI",
      "department": "5A",
      "machine_trainer_assignments": [],
      "last_trained_date": "N/A",
      "next_due_date": "N/A"
    },
    {
      "id": "78",
      "employee_id": "3944",
      "name": "MS. RISMAULI",
      "department": "5A",
      "machine_trainer_assignments": [],
      "last_trained_date": "N/A",
      "next_due_date": "N/A"
    },
    {
      "id": "79",
      "employee_id": "2075",
      "name": "MS. JOSSY JOSEPH",
      "department": "5B",
      "machine_trainer_assignments": [],
      "last_trained_date": "N/A",
      "next_due_date": "N/A"
    },
    {
      "id": "80",
      "employee_id": "3948",
      "name": "MS. RAKHI VM",
      "department": "5B",
      "machine_trainer_assignments": [],
      "last_trained_date": "N/A",
      "next_due_date": "N/A"
    },
    {
      "id": "81",
      "employee_id": "4033",
      "name": "MS. JENISHA ARULDHAS",
      "department": "5B",
      "machine_trainer_assignments": [],
      "last_trained_date": "N/A",
      "next_due_date": "N/A"
    },
    {
      "id": "82",
      "employee_id": "4152",
      "name": "MS. SULU SUSAN",
      "department": "5B",
      "machine_trainer_assignments": [],
      "last_trained_date": "N/A",
      "next_due_date": "N/A"
    },
    {
      "id": "83",
      "employee_id": "4155",
      "name": "MS. SHIBY C. PHILIP",
      "department": "5B",
      "machine_trainer_assignments": [],
      "last_trained_date": "N/A",
      "next_due_date": "N/A"
    },
    {
      "id": "84",
      "employee_id": "4176",
      "name": "MS. SWATHY N.",
      "department": "5B",
      "machine_trainer_assignments": [],
      "last_trained_date": "N/A",
      "next_due_date": "N/A"
    },
    {
      "id": "85",
      "employee_id": "4116",
      "name": "MS. EMILY",
      "department": "5B",
      "machine_trainer_assignments": [],
      "last_trained_date": "N/A",
      "next_due_date": "N/A"
    },
    {
      "id": "86",
      "employee_id": "4285",
      "name": "MS. ANNAMMA",
      "department": "5B",
      "machine_trainer_assignments": [],
      "last_trained_date": "N/A",
      "next_due_date": "N/A"
    },
    {
      "id": "87",
      "employee_id": "4302",
      "name": "MS. LIZA SASI",
      "department": "5B",
      "machine_trainer_assignments": [],
      "last_trained_date": "N/A",
      "next_due_date": "N/A"
    },
    {
      "id": "88",
      "employee_id": "3522",
      "name": "MS. JEENA CHACKO",
      "department": "6A",
      "machine_trainer_assignments": [],
      "last_trained_date": "N/A",
      "next_due_date": "N/A"
    },
    {
      "id": "89",
      "employee_id": "2461",
      "name": "MS. RAJI KOSHY RAJAN",
      "department": "6A",
      "machine_trainer_assignments": [],
      "last_trained_date": "N/A",
      "next_due_date": "N/A"
    },
    {
      "id": "90",
      "employee_id": "4117",
      "name": "MS. ARYA RAJAN",
      "department": "6A",
      "machine_trainer_assignments": [],
      "last_trained_date": "N/A",
      "next_due_date": "N/A"
    },
    {
      "id": "91",
      "employee_id": "4135",
      "name": "MS. REEJA JOSE",
      "department": "6A",
      "machine_trainer_assignments": [],
      "last_trained_date": "N/A",
      "next_due_date": "N/A"
    },
    {
      "id": "92",
      "employee_id": "4137",
      "name": "MS. SHIMNA ",
      "department": "6A",
      "machine_trainer_assignments": [],
      "last_trained_date": "N/A",
      "next_due_date": "N/A"
    },
    {
      "id": "93",
      "employee_id": "4202",
      "name": "MS. NEETHU MOL A.P.",
      "department": "6A",
      "machine_trainer_assignments": [],
      "last_trained_date": "N/A",
      "next_due_date": "N/A"
    },
    {
      "id": "94",
      "employee_id": "4298",
      "name": "MS. LIVIA VARGHESE",
      "department": "6A",
      "machine_trainer_assignments": [],
      "last_trained_date": "N/A",
      "next_due_date": "N/A"
    },
    {
      "id": "95",
      "employee_id": "3131",
      "name": "MS. SHIBY JOSEPH",
      "department": "6B",
      "machine_trainer_assignments": [],
      "last_trained_date": "N/A",
      "next_due_date": "N/A"
    },
    {
      "id": "96",
      "employee_id": "4108",
      "name": "MS. PRIYANKA MOHAN",
      "department": "6B",
      "machine_trainer_assignments": [],
      "last_trained_date": "N/A",
      "next_due_date": "N/A"
    },
    {
      "id": "97",
      "employee_id": "4128",
      "name": "MS. SOUMYA SEBASTIAN",
      "department": "6B",
      "machine_trainer_assignments": [],
      "last_trained_date": "N/A",
      "next_due_date": "N/A"
    },
    {
      "id": "98",
      "employee_id": "4165",
      "name": "MS. PRIYA ELIZABETH",
      "department": "6B",
      "machine_trainer_assignments": [],
      "last_trained_date": "N/A",
      "next_due_date": "N/A"
    },
    {
      "id": "99",
      "employee_id": "4185",
      "name": "MS. SOMY MATHEW",
      "department": "6B",
      "machine_trainer_assignments": [],
      "last_trained_date": "N/A",
      "next_due_date": "N/A"
    },
    {
      "id": "100",
      "employee_id": "4105",
      "name": "MS. TINTU JITHIN",
      "department": "6B",
      "machine_trainer_assignments": [],
      "last_trained_date": "N/A",
      "next_due_date": "N/A"
    },
    {
      "id": "101",
      "employee_id": "3960",
      "name": "MS. LOVELY K. RAJAN",
      "department": "6B",
      "machine_trainer_assignments": [],
      "last_trained_date": "N/A",
      "next_due_date": "N/A"
    },
    {
      "id": "102",
      "employee_id": "4296",
      "name": "MS. SANILA STANLEY",
      "department": "6B",
      "machine_trainer_assignments": [],
      "last_trained_date": "N/A",
      "next_due_date": "N/A"
    },
    {
      "id": "103",
      "employee_id": "1236",
      "name": "MS. MARLENE HASSAN ",
      "department": "LDR",
      "machine_trainer_assignments": [],
      "last_trained_date": "N/A",
      "next_due_date": "N/A"
    },
    {
      "id": "104",
      "employee_id": "2488",
      "name": "MS. AILENE MANACMUL",
      "department": "LDR",
      "machine_trainer_assignments": [],
      "last_trained_date": "N/A",
      "next_due_date": "N/A"
    },
    {
      "id": "105",
      "employee_id": "2883",
      "name": "MS. FRENA LEDESMA",
      "department": "LDR",
      "machine_trainer_assignments": [],
      "last_trained_date": "N/A",
      "next_due_date": "N/A"
    },
    {
      "id": "106",
      "employee_id": "3642",
      "name": "MS. SHALU PRABHAKAR ",
      "department": "LDR",
      "machine_trainer_assignments": [],
      "last_trained_date": "N/A",
      "next_due_date": "N/A"
    },
    {
      "id": "107",
      "employee_id": "3684",
      "name": "MS. REKHA CHANDRIKA",
      "department": "LDR",
      "machine_trainer_assignments": [],
      "last_trained_date": "N/A",
      "next_due_date": "N/A"
    },
    {
      "id": "108",
      "employee_id": "3690",
      "name": "MS. BAISY BABU",
      "department": "LDR",
      "machine_trainer_assignments": [],
      "last_trained_date": "N/A",
      "next_due_date": "N/A"
    },
    {
      "id": "109",
      "employee_id": "3730",
      "name": "MS. NAGAMANI MODEM",
      "department": "LDR",
      "machine_trainer_assignments": [],
      "last_trained_date": "N/A",
      "next_due_date": "N/A"
    },
    {
      "id": "110",
      "employee_id": "3826",
      "name": "MS. NEETHU RAHUL",
      "department": "LDR",
      "machine_trainer_assignments": [],
      "last_trained_date": "N/A",
      "next_due_date": "N/A"
    },
    {
      "id": "111",
      "employee_id": "3912",
      "name": "MS. REENA XAVIER ",
      "department": "LDR",
      "machine_trainer_assignments": [],
      "last_trained_date": "N/A",
      "next_due_date": "N/A"
    },
    {
      "id": "112",
      "employee_id": "3946",
      "name": "MS. DWI SRI NING RAHAYU",
      "department": "LDR",
      "machine_trainer_assignments": [],
      "last_trained_date": "N/A",
      "next_due_date": "N/A"
    },
    {
      "id": "113",
      "employee_id": "4028",
      "name": "MS. ANJANA MURUKESHAN",
      "department": "LDR",
      "machine_trainer_assignments": [],
      "last_trained_date": "N/A",
      "next_due_date": "N/A"
    },
    {
      "id": "114",
      "employee_id": "4115",
      "name": "MS. BENCY LAWRENCE",
      "department": "LDR",
      "machine_trainer_assignments": [],
      "last_trained_date": "N/A",
      "next_due_date": "N/A"
    },
    {
      "id": "115",
      "employee_id": "4130",
      "name": "MS. RAJALEKSHMI NAIR",
      "department": "LDR",
      "machine_trainer_assignments": [],
      "last_trained_date": "N/A",
      "next_due_date": "N/A"
    },
    {
      "id": "116",
      "employee_id": "4134",
      "name": "MS. SURYA SATHYAN",
      "department": "LDR",
      "machine_trainer_assignments": [],
      "last_trained_date": "N/A",
      "next_due_date": "N/A"
    },
    {
      "id": "117",
      "employee_id": "4142",
      "name": "MS. JEMYMOL VARGHESE ",
      "department": "LDR",
      "machine_trainer_assignments": [],
      "last_trained_date": "N/A",
      "next_due_date": "N/A"
    },
    {
      "id": "118",
      "employee_id": "4110",
      "name": "MS. FASEELA RAHEEM",
      "department": "LDR",
      "machine_trainer_assignments": [],
      "last_trained_date": "N/A",
      "next_due_date": "N/A"
    },
    {
      "id": "119",
      "employee_id": "4145",
      "name": "MS. REEMA VARGHESE ",
      "department": "LDR",
      "machine_trainer_assignments": [],
      "last_trained_date": "N/A",
      "next_due_date": "N/A"
    },
    {
      "id": "120",
      "employee_id": "4193",
      "name": "MS. NEETHU HARIDAS ",
      "department": "LDR",
      "machine_trainer_assignments": [],
      "last_trained_date": "N/A",
      "next_due_date": "N/A"
    },
    {
      "id": "121",
      "employee_id": "4204",
      "name": "MS. AMUTHA KARUPPAIYA ",
      "department": "LDR",
      "machine_trainer_assignments": [],
      "last_trained_date": "N/A",
      "next_due_date": "N/A"
    },
    {
      "id": "122",
      "employee_id": "4018",
      "name": "MS. RESHMI RAJ",
      "department": "LDR",
      "machine_trainer_assignments": [],
      "last_trained_date": "N/A",
      "next_due_date": "N/A"
    },
    {
      "id": "123",
      "employee_id": "4287",
      "name": "MS. SWAPNAMOL PK",
      "department": "LDR",
      "machine_trainer_assignments": [],
      "last_trained_date": "N/A",
      "next_due_date": "N/A"
    },
    {
      "id": "124",
      "employee_id": "4303",
      "name": "MS. SILU SREEKANTH ",
      "department": "LDR",
      "machine_trainer_assignments": [],
      "last_trained_date": "N/A",
      "next_due_date": "N/A"
    },
    {
      "id": "125",
      "employee_id": "1465",
      "name": "MS. FEVIE JOY WILLIAMSON",
      "department": "NICU",
      "machine_trainer_assignments": [],
      "last_trained_date": "N/A",
      "next_due_date": "N/A"
    },
    {
      "id": "126",
      "employee_id": "3520",
      "name": "MS. SONIA JOSEPH",
      "department": "NICU",
      "machine_trainer_assignments": [],
      "last_trained_date": "N/A",
      "next_due_date": "N/A"
    },
    {
      "id": "127",
      "employee_id": "3541",
      "name": "MS. SHERIN THOMAS",
      "department": "NICU",
      "machine_trainer_assignments": [],
      "last_trained_date": "N/A",
      "next_due_date": "N/A"
    },
    {
      "id": "128",
      "employee_id": "3556",
      "name": "MS. DELNA ANTONY",
      "department": "NICU",
      "machine_trainer_assignments": [],
      "last_trained_date": "N/A",
      "next_due_date": "N/A"
    },
    {
      "id": "129",
      "employee_id": "3990",
      "name": "MS. SARITHAMOL THANKAPPAN",
      "department": "NICU",
      "machine_trainer_assignments": [],
      "last_trained_date": "N/A",
      "next_due_date": "N/A"
    },
    {
      "id": "130",
      "employee_id": "4156",
      "name": "MS. NEZIA ALIYAR",
      "department": "NICU",
      "machine_trainer_assignments": [],
      "last_trained_date": "N/A",
      "next_due_date": "N/A"
    },
    {
      "id": "131",
      "employee_id": "4147",
      "name": "MS. KALEESWARI CHELLADURAI",
      "department": "NICU",
      "machine_trainer_assignments": [],
      "last_trained_date": "N/A",
      "next_due_date": "N/A"
    },
    {
      "id": "132",
      "employee_id": "4009",
      "name": "MS. REEMAMOL PALACKAL SAJU",
      "department": "NICU",
      "machine_trainer_assignments": [],
      "last_trained_date": "N/A",
      "next_due_date": "N/A"
    },
    {
      "id": "133",
      "employee_id": "3907",
      "name": "MS. SYAMA DELEEP",
      "department": "NICU",
      "machine_trainer_assignments": [],
      "last_trained_date": "N/A",
      "next_due_date": "N/A"
    },
    {
      "id": "134",
      "employee_id": "3919",
      "name": "MS. IRHAN RIHASTINI",
      "department": "NICU",
      "machine_trainer_assignments": [],
      "last_trained_date": "N/A",
      "next_due_date": "N/A"
    },
    {
      "id": "135",
      "employee_id": "4084",
      "name": "MS. NEETHU PILLAI",
      "department": "NICU",
      "machine_trainer_assignments": [],
      "last_trained_date": "N/A",
      "next_due_date": "N/A"
    },
    {
      "id": "136",
      "employee_id": "4131",
      "name": "MS. SALU SASI",
      "department": "NICU",
      "machine_trainer_assignments": [],
      "last_trained_date": "N/A",
      "next_due_date": "N/A"
    },
    {
      "id": "137",
      "employee_id": "4144",
      "name": "MS. KRISHNA VINOD",
      "department": "NICU",
      "machine_trainer_assignments": [],
      "last_trained_date": "N/A",
      "next_due_date": "N/A"
    },
    {
      "id": "138",
      "employee_id": "4148",
      "name": "MS. SUBIRAJ SELVARAJ",
      "department": "NICU",
      "machine_trainer_assignments": [],
      "last_trained_date": "N/A",
      "next_due_date": "N/A"
    },
    {
      "id": "139",
      "employee_id": "3391",
      "name": "MS. JOMOL RAJAN",
      "department": "NICU",
      "machine_trainer_assignments": [],
      "last_trained_date": "N/A",
      "next_due_date": "N/A"
    },
    {
      "id": "140",
      "employee_id": "3534",
      "name": "MS. MARIA PROTHAS",
      "department": "NICU",
      "machine_trainer_assignments": [],
      "last_trained_date": "N/A",
      "next_due_date": "N/A"
    },
    {
      "id": "141",
      "employee_id": "3945",
      "name": "MS. DEWI ULIANI ANAS",
      "department": "NICU",
      "machine_trainer_assignments": [],
      "last_trained_date": "N/A",
      "next_due_date": "N/A"
    },
    {
      "id": "142",
      "employee_id": "3947",
      "name": "MS. LILIK SURYANINGSH ",
      "department": "NICU",
      "machine_trainer_assignments": [],
      "last_trained_date": "N/A",
      "next_due_date": "N/A"
    },
    {
      "id": "143",
      "employee_id": "3977",
      "name": "MS. PRASEETHA KRISHNANKUTTY",
      "department": "NICU",
      "machine_trainer_assignments": [],
      "last_trained_date": "N/A",
      "next_due_date": "N/A"
    },
    {
      "id": "144",
      "employee_id": "4069",
      "name": "MS. SAUMYA PLACKEL ULAHANNAN ",
      "department": "NICU",
      "machine_trainer_assignments": [],
      "last_trained_date": "N/A",
      "next_due_date": "N/A"
    },
    {
      "id": "145",
      "employee_id": "4035",
      "name": "MS. JOHN PRABA BARTHALOMAN",
      "department": "NICU",
      "machine_trainer_assignments": [],
      "last_trained_date": "N/A",
      "next_due_date": "N/A"
    },
    {
      "id": "146",
      "employee_id": "4122",
      "name": "MS. ANJU ALVIN",
      "department": "NICU",
      "machine_trainer_assignments": [],
      "last_trained_date": "N/A",
      "next_due_date": "N/A"
    },
    {
      "id": "147",
      "employee_id": "4153",
      "name": "MS. SURYAMOL SURENDRAN",
      "department": "NICU",
      "machine_trainer_assignments": [],
      "last_trained_date": "N/A",
      "next_due_date": "N/A"
    },
    {
      "id": "148",
      "employee_id": "4180",
      "name": "MS. VANSALA RN LATHA",
      "department": "NICU",
      "machine_trainer_assignments": [],
      "last_trained_date": "N/A",
      "next_due_date": "N/A"
    },
    {
      "id": "149",
      "employee_id": "4282",
      "name": "MS. REMYA SUSAN THOMAS",
      "department": "NICU",
      "machine_trainer_assignments": [],
      "last_trained_date": "N/A",
      "next_due_date": "N/A"
    },
    {
      "id": "150",
      "employee_id": "1561",
      "name": "MR. AUNDRE DUBOUZET",
      "department": "OR",
      "machine_trainer_assignments": [],
      "last_trained_date": "N/A",
      "next_due_date": "N/A"
    },
    {
      "id": "151",
      "employee_id": "1058",
      "name": "MS. MONETTE PASAO",
      "department": "OR",
      "machine_trainer_assignments": [],
      "last_trained_date": "N/A",
      "next_due_date": "N/A"
    },
    {
      "id": "152",
      "employee_id": "3066",
      "name": "MS. SHEILA ESTANA",
      "department": "OR",
      "machine_trainer_assignments": [],
      "last_trained_date": "N/A",
      "next_due_date": "N/A"
    },
    {
      "id": "153",
      "employee_id": "3516",
      "name": "MS. MANJU DANIEL",
      "department": "OR",
      "machine_trainer_assignments": [],
      "last_trained_date": "N/A",
      "next_due_date": "N/A"
    },
    {
      "id": "154",
      "employee_id": "3624",
      "name": "MS. RISTI WIDYANINGSIH",
      "department": "OR",
      "machine_trainer_assignments": [],
      "last_trained_date": "N/A",
      "next_due_date": "N/A"
    },
    {
      "id": "155",
      "employee_id": "3625",
      "name": "MS. RUSMARRIA HANAFI",
      "department": "OR",
      "machine_trainer_assignments": [],
      "last_trained_date": "N/A",
      "next_due_date": "N/A"
    },
    {
      "id": "156",
      "employee_id": "3681",
      "name": "MS. RESHMY VIJAYAN",
      "department": "OR",
      "machine_trainer_assignments": [],
      "last_trained_date": "N/A",
      "next_due_date": "N/A"
    },
    {
      "id": "157",
      "employee_id": "3757",
      "name": "MS. JUBY BABU",
      "department": "OR",
      "machine_trainer_assignments": [],
      "last_trained_date": "N/A",
      "next_due_date": "N/A"
    },
    {
      "id": "158",
      "employee_id": "3813",
      "name": "MS. VANDANA KUTTIYADUKKAM",
      "department": "OR",
      "machine_trainer_assignments": [],
      "last_trained_date": "N/A",
      "next_due_date": "N/A"
    },
    {
      "id": "159",
      "employee_id": "3814",
      "name": "MS. BAVITHA KUTTIYADUKKAM",
      "department": "OR",
      "machine_trainer_assignments": [],
      "last_trained_date": "N/A",
      "next_due_date": "N/A"
    },
    {
      "id": "160",
      "employee_id": "3908",
      "name": "MS. ANJUMOL BABU",
      "department": "OR",
      "machine_trainer_assignments": [],
      "last_trained_date": "N/A",
      "next_due_date": "N/A"
    },
    {
      "id": "161",
      "employee_id": "3811",
      "name": "MS. JIGY SUSAN JOSE",
      "department": "OR",
      "machine_trainer_assignments": [],
      "last_trained_date": "N/A",
      "next_due_date": "N/A"
    },
    {
      "id": "162",
      "employee_id": "4125",
      "name": "MS. NISHA MATTHEW",
      "department": "OR",
      "machine_trainer_assignments": [],
      "last_trained_date": "N/A",
      "next_due_date": "N/A"
    },
    {
      "id": "163",
      "employee_id": "4107",
      "name": "MS. SOUMYA JOSE",
      "department": "OR",
      "machine_trainer_assignments": [],
      "last_trained_date": "N/A",
      "next_due_date": "N/A"
    },
    {
      "id": "164",
      "employee_id": "4139",
      "name": "MS. NEETHU MOHANDAS",
      "department": "OR",
      "machine_trainer_assignments": [],
      "last_trained_date": "N/A",
      "next_due_date": "N/A"
    },
    {
      "id": "165",
      "employee_id": "4166",
      "name": "MS. VINEESHA VARGHESE",
      "department": "OR",
      "machine_trainer_assignments": [],
      "last_trained_date": "N/A",
      "next_due_date": "N/A"
    },
    {
      "id": "166",
      "employee_id": "4183",
      "name": "MS. USHA BEGLAN",
      "department": "OR",
      "machine_trainer_assignments": [],
      "last_trained_date": "N/A",
      "next_due_date": "N/A"
    },
    {
      "id": "167",
      "employee_id": "4111",
      "name": "MS. JINCI ABRAHAM ",
      "department": "OR",
      "machine_trainer_assignments": [],
      "last_trained_date": "N/A",
      "next_due_date": "N/A"
    },
    {
      "id": "168",
      "employee_id": "4284",
      "name": "MS. DELPHINE SHANTHI",
      "department": "OR",
      "machine_trainer_assignments": [],
      "last_trained_date": "N/A",
      "next_due_date": "N/A"
    },
    {
      "id": "169",
      "employee_id": "3773",
      "name": "MS. DEEKSHITA VINAYAK",
      "department": "ANESTHESIA",
      "machine_trainer_assignments": [],
      "last_trained_date": "N/A",
      "next_due_date": "N/A"
    },
    {
      "id": "170",
      "employee_id": "4169",
      "name": "MS. SIRINE MTIRI",
      "department": "ANESTHESIA",
      "machine_trainer_assignments": [],
      "last_trained_date": "N/A",
      "next_due_date": "N/A"
    },
    {
      "id": "171",
      "employee_id": "4263",
      "name": "MS. NOUHA ELAIIFA",
      "department": "ANESTHESIA",
      "machine_trainer_assignments": [],
      "last_trained_date": "N/A",
      "next_due_date": "N/A"
    },
    {
      "id": "172",
      "employee_id": "4186",
      "name": "MS. NEETHU RAJU ",
      "department": "ANESTHESIA",
      "machine_trainer_assignments": [],
      "last_trained_date": "N/A",
      "next_due_date": "N/A"
    },
    {
      "id": "173",
      "employee_id": "4310",
      "name": "MS. DIVYA JYOTHI ",
      "department": "ANESTHESIA",
      "machine_trainer_assignments": [],
      "last_trained_date": "N/A",
      "next_due_date": "N/A"
    },
    {
      "id": "174",
      "employee_id": "1645",
      "name": "MS. MARILY CORPUZ",
      "department": "LAB",
      "machine_trainer_assignments": [],
      "last_trained_date": "N/A",
      "next_due_date": "N/A"
    },
    {
      "id": "175",
      "employee_id": "1929",
      "name": "MS. ALREDA SABBAN",
      "department": "LAB",
      "machine_trainer_assignments": [],
      "last_trained_date": "N/A",
      "next_due_date": "N/A"
    },
    {
      "id": "176",
      "employee_id": "2705",
      "name": "MS. CHRISTIN MOSTIERO",
      "department": "LAB",
      "machine_trainer_assignments": [],
      "last_trained_date": "N/A",
      "next_due_date": "N/A"
    },
    {
      "id": "177",
      "employee_id": "2744",
      "name": "MS. VINEETHA RAJAN",
      "department": "LAB",
      "machine_trainer_assignments": [],
      "last_trained_date": "N/A",
      "next_due_date": "N/A"
    },
    {
      "id": "178",
      "employee_id": "3930",
      "name": "MS. ARCHANA KESAVAN",
      "department": "LAB",
      "machine_trainer_assignments": [],
      "last_trained_date": "N/A",
      "next_due_date": "N/A"
    },
    {
      "id": "179",
      "employee_id": "4019",
      "name": "MS. TANZEEL ADAM",
      "department": "LAB",
      "machine_trainer_assignments": [],
      "last_trained_date": "N/A",
      "next_due_date": "N/A"
    },
    {
      "id": "180",
      "employee_id": "4040",
      "name": "MS. MAWADA KHADIR",
      "department": "LAB",
      "machine_trainer_assignments": [],
      "last_trained_date": "N/A",
      "next_due_date": "N/A"
    },
    {
      "id": "181",
      "employee_id": "4039",
      "name": "MS. ISRAA ALLA",
      "department": "LAB",
      "machine_trainer_assignments": [],
      "last_trained_date": "N/A",
      "next_due_date": "N/A"
    },
    {
      "id": "182",
      "employee_id": "4059",
      "name": "MS. FATHIMA AHMED",
      "department": "LAB",
      "machine_trainer_assignments": [],
      "last_trained_date": "N/A",
      "next_due_date": "N/A"
    },
    {
      "id": "183",
      "employee_id": "4257",
      "name": "MS. TASNIM MARZONG",
      "department": "LAB",
      "machine_trainer_assignments": [],
      "last_trained_date": "N/A",
      "next_due_date": "N/A"
    },
    {
      "id": "184",
      "employee_id": "3279",
      "name": "MR. MANDYL DEPALOBOS",
      "department": "RADIOLOGY",
      "machine_trainer_assignments": [],
      "last_trained_date": "N/A",
      "next_due_date": "N/A"
    },
    {
      "id": "185",
      "employee_id": "2189",
      "name": "MS. ALMA THERESA SORIANO",
      "department": "RADIOLOGY",
      "machine_trainer_assignments": [],
      "last_trained_date": "N/A",
      "next_due_date": "N/A"
    },
    {
      "id": "186",
      "employee_id": "2527",
      "name": "MS. IMELDA MALONZO ",
      "department": "RADIOLOGY",
      "machine_trainer_assignments": [],
      "last_trained_date": "N/A",
      "next_due_date": "N/A"
    },
    {
      "id": "187",
      "employee_id": "3347",
      "name": "MS. UTHARA K REJI",
      "department": "RADIOLOGY",
      "machine_trainer_assignments": [],
      "last_trained_date": "N/A",
      "next_due_date": "N/A"
    },
    {
      "id": "188",
      "employee_id": "3658",
      "name": "MS. EMILY FRITY THOMAS",
      "department": "RADIOLOGY",
      "machine_trainer_assignments": [],
      "last_trained_date": "N/A",
      "next_due_date": "N/A"
    },
    {
      "id": "189",
      "employee_id": "3744",
      "name": "MS. CISY ELIAS",
      "department": "RADIOLOGY",
      "machine_trainer_assignments": [],
      "last_trained_date": "N/A",
      "next_due_date": "N/A"
    },
    {
      "id": "190",
      "employee_id": "3997",
      "name": "MS. GEHAD MOH'D ABOELYAZED",
      "department": "RADIOLOGY",
      "machine_trainer_assignments": [],
      "last_trained_date": "N/A",
      "next_due_date": "N/A"
    },
    {
      "id": "191",
      "employee_id": "4052",
      "name": "MS. DUAA ABUBAKR HASSAN",
      "department": "RADIOLOGY",
      "machine_trainer_assignments": [],
      "last_trained_date": "N/A",
      "next_due_date": "N/A"
    },
    {
      "id": "192",
      "employee_id": "4051",
      "name": "MS. MEHAD ESAMELDIEN AHMED",
      "department": "RADIOLOGY",
      "machine_trainer_assignments": [],
      "last_trained_date": "N/A",
      "next_due_date": "N/A"
    },
    {
      "id": "193",
      "employee_id": "3205",
      "name": "MR. RAVI KISHORE REDY",
      "department": "PT",
      "machine_trainer_assignments": [],
      "last_trained_date": "N/A",
      "next_due_date": "N/A"
    },
    {
      "id": "194",
      "employee_id": "3702",
      "name": "MS. ANU ",
      "department": "PT",
      "machine_trainer_assignments": [],
      "last_trained_date": "N/A",
      "next_due_date": "N/A"
    },
    {
      "id": "195",
      "employee_id": "4270",
      "name": "MS. PRAVEENA ",
      "department": "PT",
      "machine_trainer_assignments": [],
      "last_trained_date": "N/A",
      "next_due_date": "N/A"
    },
    {
      "id": "196",
      "employee_id": "4016",
      "name": "MR. MUNTASIR",
      "department": "PT",
      "machine_trainer_assignments": [],
      "last_trained_date": "N/A",
      "next_due_date": "N/A"
    },
    {
      "id": "197",
      "employee_id": "2415",
      "name": "MS. JISHA KURIAN",
      "department": "ER",
      "machine_trainer_assignments": [],
      "last_trained_date": "N/A",
      "next_due_date": "N/A"
    },
    {
      "id": "198",
      "employee_id": "3367",
      "name": "MS. HIBA",
      "department": "ER",
      "machine_trainer_assignments": [],
      "last_trained_date": "N/A",
      "next_due_date": "N/A"
    },
    {
      "id": "199",
      "employee_id": "3914",
      "name": "MS. JOMOL VARGHESE",
      "department": "ER",
      "machine_trainer_assignments": [],
      "last_trained_date": "N/A",
      "next_due_date": "N/A"
    },
    {
      "id": "200",
      "employee_id": "3937",
      "name": "MS. MERLIN SHEELA",
      "department": "ER",
      "machine_trainer_assignments": [],
      "last_trained_date": "N/A",
      "next_due_date": "N/A"
    },
    {
      "id": "201",
      "employee_id": "4154",
      "name": "MS. MIDHUNA",
      "department": "ER",
      "machine_trainer_assignments": [],
      "last_trained_date": "N/A",
      "next_due_date": "N/A"
    },
    {
      "id": "202",
      "employee_id": "4161",
      "name": "MS. VIJILA KANAKARAJ",
      "department": "ER",
      "machine_trainer_assignments": [],
      "last_trained_date": "N/A",
      "next_due_date": "N/A"
    },
    {
      "id": "203",
      "employee_id": "4167",
      "name": "MS. JISHARENJIT",
      "department": "ER",
      "machine_trainer_assignments": [],
      "last_trained_date": "N/A",
      "next_due_date": "N/A"
    },
    {
      "id": "204",
      "employee_id": "3928",
      "name": "MS. MOTCHA",
      "department": "ER",
      "machine_trainer_assignments": [],
      "last_trained_date": "N/A",
      "next_due_date": "N/A"
    },
    {
      "id": "205",
      "employee_id": "1176",
      "name": "MS. ROSLIN JESSY JOSEPH",
      "department": "ER",
      "machine_trainer_assignments": [],
      "last_trained_date": "N/A",
      "next_due_date": "N/A"
    },
    {
      "id": "206",
      "employee_id": "2635",
      "name": " MS. LITTLE FLOWER",
      "department": "ER",
      "machine_trainer_assignments": [],
      "last_trained_date": "N/A",
      "next_due_date": "N/A"
    },
    {
      "id": "207",
      "employee_id": "3348",
      "name": "MS. CHARLOTTE B.",
      "department": "ER",
      "machine_trainer_assignments": [],
      "last_trained_date": "N/A",
      "next_due_date": "N/A"
    },
    {
      "id": "208",
      "employee_id": "2371",
      "name": "MS. JOSEY JUSTUS",
      "department": "ER",
      "machine_trainer_assignments": [],
      "last_trained_date": "N/A",
      "next_due_date": "N/A"
    },
    {
      "id": "209",
      "employee_id": "3560",
      "name": "MS. TINCY THOMAS",
      "department": "ER",
      "machine_trainer_assignments": [],
      "last_trained_date": "N/A",
      "next_due_date": "N/A"
    },
    {
      "id": "210",
      "employee_id": "3521",
      "name": "MS. SINI SAM",
      "department": "ER",
      "machine_trainer_assignments": [],
      "last_trained_date": "N/A",
      "next_due_date": "N/A"
    },
    {
      "id": "211",
      "employee_id": "3706",
      "name": "MS. REGILA RAJAYAN",
      "department": "ER",
      "machine_trainer_assignments": [],
      "last_trained_date": "N/A",
      "next_due_date": "N/A"
    },
    {
      "id": "212",
      "employee_id": "3776",
      "name": "MS. NAIJA SARASWATHY",
      "department": "ER",
      "machine_trainer_assignments": [],
      "last_trained_date": "N/A",
      "next_due_date": "N/A"
    },
    {
      "id": "213",
      "employee_id": "3760",
      "name": "MS. ROSALINA POPALIA",
      "department": "ER",
      "machine_trainer_assignments": [],
      "last_trained_date": "N/A",
      "next_due_date": "N/A"
    },
    {
      "id": "214",
      "employee_id": "3770",
      "name": "MS. SREEJA AJITH",
      "department": "ER",
      "machine_trainer_assignments": [],
      "last_trained_date": "N/A",
      "next_due_date": "N/A"
    },
    {
      "id": "215",
      "employee_id": "3936",
      "name": "MS. JOSHI CHELLAPPAN",
      "department": "ER",
      "machine_trainer_assignments": [],
      "last_trained_date": "N/A",
      "next_due_date": "N/A"
    },
    {
      "id": "216",
      "employee_id": "3942",
      "name": "MS. SUJITHA SURENDRAN",
      "department": "ER",
      "machine_trainer_assignments": [],
      "last_trained_date": "N/A",
      "next_due_date": "N/A"
    },
    {
      "id": "217",
      "employee_id": "3966",
      "name": "MS. ASWATHY NAIR",
      "department": "ER",
      "machine_trainer_assignments": [],
      "last_trained_date": "N/A",
      "next_due_date": "N/A"
    },
    {
      "id": "218",
      "employee_id": "4046",
      "name": "MS. GIGI THOMAS",
      "department": "ER",
      "machine_trainer_assignments": [],
      "last_trained_date": "N/A",
      "next_due_date": "N/A"
    },
    {
      "id": "219",
      "employee_id": "4074",
      "name": "MS. ANU BABY",
      "department": "ER",
      "machine_trainer_assignments": [],
      "last_trained_date": "N/A",
      "next_due_date": "N/A"
    },
    {
      "id": "220",
      "employee_id": "4077",
      "name": "MS. FIGI PAULOSE ",
      "department": "ER",
      "machine_trainer_assignments": [],
      "last_trained_date": "N/A",
      "next_due_date": "N/A"
    },
    {
      "id": "221",
      "employee_id": "4083",
      "name": "MS. RENJUMOL PK",
      "department": "ER",
      "machine_trainer_assignments": [],
      "last_trained_date": "N/A",
      "next_due_date": "N/A"
    },
    {
      "id": "222",
      "employee_id": "4082",
      "name": "MS. SANTHI SYAMALAN",
      "department": "ER",
      "machine_trainer_assignments": [],
      "last_trained_date": "N/A",
      "next_due_date": "N/A"
    },
    {
      "id": "223",
      "employee_id": "4177",
      "name": "MS. ANJU PURTSHOTHAMAN",
      "department": "ER",
      "machine_trainer_assignments": [],
      "last_trained_date": "N/A",
      "next_due_date": "N/A"
    },
    {
      "id": "224",
      "employee_id": "3988",
      "name": "MS. RAJIN ADAYADIL",
      "department": "ER",
      "machine_trainer_assignments": [],
      "last_trained_date": "N/A",
      "next_due_date": "N/A"
    },
    {
      "id": "225",
      "employee_id": "3987",
      "name": "MR. SUJIKUMAR SUKUMARA",
      "department": "ER",
      "machine_trainer_assignments": [],
      "last_trained_date": "N/A",
      "next_due_date": "N/A"
    },
    {
      "id": "226",
      "employee_id": "4104",
      "name": "MS. PRIYA NAIR",
      "department": "ER",
      "machine_trainer_assignments": [],
      "last_trained_date": "N/A",
      "next_due_date": "N/A"
    },
    {
      "id": "227",
      "employee_id": "4187",
      "name": "MS. BINCYMOL",
      "department": "ER",
      "machine_trainer_assignments": [],
      "last_trained_date": "N/A",
      "next_due_date": "N/A"
    },
    {
      "id": "228",
      "employee_id": "4143",
      "name": "MS. SEENA SARA",
      "department": "ER",
      "machine_trainer_assignments": [],
      "last_trained_date": "N/A",
      "next_due_date": "N/A"
    },
    {
      "id": "229",
      "employee_id": "4203",
      "name": "MS. LAKSHMI PRASAD",
      "department": "ER",
      "machine_trainer_assignments": [],
      "last_trained_date": "N/A",
      "next_due_date": "N/A"
    },
    {
      "id": "230",
      "employee_id": "3980",
      "name": "MS. IQRA IRSHAD",
      "department": "ER",
      "machine_trainer_assignments": [],
      "last_trained_date": "N/A",
      "next_due_date": "N/A"
    },
    {
      "id": "231",
      "employee_id": "4175",
      "name": "MS. FEBI",
      "department": "ER",
      "machine_trainer_assignments": [],
      "last_trained_date": "N/A",
      "next_due_date": "N/A"
    },
    {
      "id": "232",
      "employee_id": "4174",
      "name": "MS. SANJANA ",
      "department": "ER",
      "machine_trainer_assignments": [],
      "last_trained_date": "N/A",
      "next_due_date": "N/A"
    },
    {
      "id": "233",
      "employee_id": "3932",
      "name": "MS. ARCHANA",
      "department": "ER",
      "machine_trainer_assignments": [],
      "last_trained_date": "N/A",
      "next_due_date": "N/A"
    },
    {
      "id": "234",
      "employee_id": "4129",
      "name": "MS. SURYA",
      "department": "ER",
      "machine_trainer_assignments": [],
      "last_trained_date": "N/A",
      "next_due_date": "N/A"
    },
    {
      "id": "235",
      "employee_id": "4191",
      "name": "MS. MONCYMOL",
      "department": "ER",
      "machine_trainer_assignments": [],
      "last_trained_date": "N/A",
      "next_due_date": "N/A"
    },
    {
      "id": "236",
      "employee_id": "3682",
      "name": "MS. REKHA ",
      "department": "ER",
      "machine_trainer_assignments": [],
      "last_trained_date": "N/A",
      "next_due_date": "N/A"
    },
    {
      "id": "237",
      "employee_id": "1091",
      "name": "MS. CELINA SYRIAC ",
      "department": "Nursing Admin",
      "machine_trainer_assignments": [],
      "last_trained_date": "N/A",
      "next_due_date": "N/A"
    },
    {
      "id": "238",
      "employee_id": "1291",
      "name": "MS. JOY MARY HEPHZIEBAH",
      "department": "Nursing Admin",
      "machine_trainer_assignments": [],
      "last_trained_date": "N/A",
      "next_due_date": "N/A"
    },
    {
      "id": "239",
      "employee_id": "2470",
      "name": "MS. JIJIMOL ABRAHAM",
      "department": "Nursing Admin",
      "machine_trainer_assignments": [],
      "last_trained_date": "N/A",
      "next_due_date": "N/A"
    }
  ]
}